post_id	meta_value
555	2981
575	2990
1148	3002
1161	3003
1176	2999
1177	3215
1178	3218
1179	2986
2760	3205
5694	5697
574	4094
568	4094
587	4094
1105	4094
1874	4094
1908	4094
1909	4094
4313	4317
4318	6953
4321	6889
4323	6891
4325	6892
4327	4328
4329	4330
8437	8398
4335	4337
4338	12298
4341	4342
4343	4344
4345	4346
4347	4348
4351	4352
4353	4354
4355	4356
4359	4357
4645	4611
4361	4358
4604	4607
4610	4611
4617	4623
4612	4626
4629	4630
4641	10257
9750	9751
4646	4611
4653	4652
4654	4657
4658	4659
4660	4664
4665	4662
4666	4667
4668	4669
4673	4675
4677	4678
4679	4680
4682	4684
4685	4684
4686	4687
4689	4690
4692	4695
4698	4713
4716	4717
4720	4721
4722	11668
4724	4725
4727	4728
4732	4728
4733	4734
4736	4737
4739	4740
4741	4742
4743	4744
4745	4746
4751	4752
4753	4755
4759	4760
4762	4760
4764	4760
4770	4760
4776	4775
4771	4773
4774	4773
4781	4775
4782	4775
4783	4775
4784	4775
4785	4773
4787	4773
4790	4773
4791	4773
4792	4773
4793	4773
4797	4798
4800	4802
4803	4804
4807	4808
4810	4811
4813	4814
4816	15169
4818	4819
4821	4822
4826	4827
4829	4827
4830	4831
4833	15114
4839	4891
4842	4844
4849	4796
4851	15040
4853	15038
4854	4796
4855	15035
4856	4857
4858	4857
4860	4857
4862	4863
4864	4865
4866	4867
4868	4867
4869	4870
4871	4872
4873	4874
4875	11412
4877	4881
4883	14253
4878	4885
4888	5215
4894	4881
4895	4896
4897	4896
4898	4900
4901	4903
4904	4905
4906	4907
4908	4909
4910	4909
4911	4912
4916	15708
4918	15708
4920	15708
4921	4917
4922	4917
4923	4927
4931	4932
4933	4932
4938	4939
4940	4941
4942	4941
4943	4941
4944	4945
4929	4924
4946	4949
4950	4953
4954	4955
9647	9648
4958	4959
4961	4963
4962	14653
15265	15267
4967	4968
4970	4971
4974	13960
4975	4976
4978	16355
4980	4982
4983	4986
4984	4985
4969	13957
4987	4988
4990	4991
4948	4992
4995	11532
5002	5007
5010	5011
5012	14167
5015	5016
5017	5018
15315	15321
5022	5024
5013	5023
5027	5028
5029	10263
5032	5033
5034	5035
5036	5037
5038	5039
5040	5041
5043	5041
5044	5045
5046	5047
5048	5049
5050	5051
5052	5051
5053	5054
5055	5056
5058	5059
5060	5061
5063	5064
5065	5066
5070	5069
5067	5069
5073	5074
5075	12031
5077	5080
5081	5083
5085	5086
5088	5089
5090	5091
5092	5093
5096	5098
5099	12042
5097	5101
5087	5095
5019	5021
5103	5105
5008	5107
5110	15305
5111	5121
5114	5116
5117	5119
5120	5119
5122	5119
5124	5115
5128	5131
5130	5131
5109	5108
5134	5135
5137	5138
5136	5139
5141	5144
5140	5142
5143	5146
5145	5147
5106	5148
5149	5150
5151	5152
5153	5154
5155	5156
5158	5159
5160	5161
5162	5163
5164	13486
5166	5167
5168	5169
5170	5171
5172	5173
5174	5173
5175	5173
5177	5178
5180	5181
5184	5185
5186	11738
5188	5189
12416	10791
5194	5195
5196	5197
5199	5200
5201	5202
5190	5191
5206	5191
5208	5191
5209	5195
4952	5211
4935	5212
4714	5219
5221	5223
5224	5225
5227	5228
5229	5231
5232	5235
5236	5237
5238	5239
5241	5243
5244	5245
5246	5247
5234	5240
5249	5251
5252	5254
5255	5258
5250	5253
8506	8508
5259	5260
5263	5264
5265	5266
5267	5268
5269	5270
5271	5272
5273	5274
5275	5276
5277	5278
5279	5280
5281	12200
5284	12198
5285	5286
5287	5289
5290	5291
5294	5296
5297	5298
5301	5302
5305	5306
5307	5309
5310	11815
5292	5295
5313	5339
8505	8504
5324	5315
5328	11920
5330	5331
5304	5333
5340	5341
5344	5345
5348	13125
8503	8504
5353	5368
5369	5370
5371	5373
5374	5375
5376	5378
5379	5380
5381	5382
5383	5384
5385	5386
5387	5388
5389	5390
5391	5392
5393	5394
5395	5396
8513	8504
8501	8502
5561	5562
5397	5413
5414	5415
5416	5417
5418	5419
5420	5421
5422	5423
5424	5425
5427	5429
8511	8508
8517	8519
8509	8510
8520	8521
5551	5458
5559	5560
5557	5558
5555	5556
8523	8526
5502	5458
5503	5458
5504	5458
5501	5458
5453	5582
5527	5575
5517	5575
5528	5511
5629	5631
5563	10809
5565	5566
5568	5569
5570	5571
5572	5573
5457	5575
5574	5576
5580	5581
5583	5584
5585	5586
5587	5588
5589	5590
5591	5592
5510	5582
5509	5582
5508	5582
5593	5594
5595	5596
5598	5599
5600	5601
8587	8588
5605	5606
8514	8516
5607	5608
5609	5610
5611	5614
5615	5616
5628	0
5619	5613
5618	5626
5633	5634
5637	5638
5642	5643
5636	5650
5652	5654
5657	5659
5660	5659
5663	5659
5658	5662
5664	5659
5665	5666
5667	5669
9748	9749
5676	5388
5677	5678
5679	5680
5681	5682
5683	5684
5685	5686
5687	5688
5690	5692
5698	5697
5699	5697
5700	5701
5702	5704
5705	5706
5707	5708
5711	5710
5715	5718
5714	5720
5719	5721
5723	5724
5726	5728
5729	5730
5731	5732
5733	5734
5738	5740
5727	5737
5746	5748
5750	5635
5756	5757
5758	5759
5762	5763
5765	5768
5769	5770
5771	5773
5774	5777
5772	12654
5782	5785
5779	5783
8665	8598
5787	5794
5788	5789
5790	5793
5796	5844
5795	5805
5806	5808
5810	5811
5814	5815
5819	5820
5816	5818
5823	5825
5826	5835
5829	5830
5831	5830
5834	5836
5846	5847
5837	5840
5817	0
5842	5843
5849	5850
5851	5852
5853	5854
5855	5856
5859	5858
5860	5861
5862	5863
5781	5865
5864	5866
5867	5868
5869	5870
5871	5872
5874	15799
5876	5877
5878	5879
5880	5879
5881	5882
5883	5884
5885	5886
5888	5889
5891	5892
5894	5895
5896	5895
5901	0
5897	5898
5903	5906
5904	0
5907	5908
5909	5908
5910	5911
5914	5916
5917	5916
5918	0
5919	5916
5920	0
5921	5916
5922	0
5923	5916
5924	0
5929	5930
5932	5930
5933	5935
5936	5935
5937	5935
5938	5935
5940	5942
5944	5946
5947	5948
5949	5950
5951	5952
5953	5954
5913	5954
5956	5957
5962	5963
5964	5965
5966	5967
5961	5968
5970	5971
5972	5971
5973	5971
5969	5974
5976	5983
5977	5982
5978	5982
5984	5985
5986	5989
5992	5995
5993	5994
5996	5997
5990	5995
5999	6000
6001	6000
6002	6000
6003	6000
6004	6000
5998	6000
5987	0
5988	0
6009	6010
6011	6010
6012	6010
6008	6010
6014	6015
6016	6017
6013	6018
6019	6020
6022	6024
6025	6026
6027	6067
6028	6029
6030	6034
6035	6036
6037	6041
6042	6041
6045	6046
6047	6049
6050	6052
6053	6054
6055	6056
6057	6058
6059	6060
6068	6070
6075	6076
6077	6073
6078	6073
6080	6073
6081	6073
6082	6073
6074	6079
6083	6073
6051	6069
6084	6085
6086	6087
6089	12473
6091	12071
6093	6094
6095	6096
6097	6098
6100	6101
6103	6104
6105	6107
6109	6110
6108	6112
6113	6114
6115	6116
6117	6123
6118	6123
6119	6123
6120	6123
6121	6123
6122	6123
6111	6125
6127	6130
6133	6134
6139	6142
6143	6144
6145	6146
6149	6150
6151	6152
6153	6154
6157	6158
6165	7845
6166	6161
6167	6161
6168	6161
6169	6161
6170	6161
6171	6161
6172	6161
6159	6160
6187	16336
6186	16335
6185	16334
6184	16334
6183	16334
6182	16333
6181	16332
6180	16331
6179	16330
6189	16337
6188	16337
6178	16329
6177	16328
6174	6192
6193	6194
6195	6196
6197	6198
6200	6203
6202	6205
6208	6116
6209	6210
6211	5021
6201	6213
6214	6217
6221	6222
6223	6225
6219	6224
6226	6228
6229	6217
6230	14316
6232	6233
6235	6236
6238	5866
6239	6222
6241	6217
6237	6242
6227	6243
6244	6246
6247	6248
6249	6251
6252	15232
6256	6260
6259	13725
6261	6265
6264	6267
6270	6271
6268	6272
6274	6276
6277	6278
6279	6280
6281	6282
6283	6284
6285	6286
6287	6288
6290	6291
6293	6294
6275	16168
6299	6298
6296	6303
6295	6302
6305	6310
6304	6307
6308	6307
6309	6314
6316	6317
6313	6318
6319	6320
6322	6323
6324	6325
6326	6327
6328	6329
6330	6331
6332	6333
6338	12720
6339	12719
6340	12718
6341	12717
6334	12721
6342	6343
6345	6346
6347	6351
6353	6354
6355	6356
6357	6358
6360	6361
6359	6362
6366	6367
6368	6369
6365	6371
9436	9437
6374	6376
5552	15339
6382	6383
6384	6385
6379	6387
6386	6389
6390	13765
6392	6396
6388	6393
6397	6400
6401	6402
6404	6405
6403	6406
6407	6408
6409	6410
6411	6414
6399	6412
6415	6416
6417	6418
6419	6420
6380	6422
6421	6424
6425	6427
6428	6426
6429	6430
6431	6430
6432	6433
6434	6435
6436	6437
6438	6439
6440	6441
6442	6443
6444	6445
6446	6447
6451	6449
6453	6454
6448	6455
6458	6460
6461	6462
6463	6465
6459	6464
6467	6469
6466	6471
6472	6476
6479	6481
6475	6480
6483	6484
6486	6484
6487	6488
6490	6491
6489	6492
6493	6494
6495	6496
6499	6500
6501	6505
6506	6507
6508	6509
6510	6511
6512	6513
6514	6515
6516	6517
6518	6520
6522	6523
6524	6525
6526	6527
6528	6529
6530	6531
6532	6534
6535	6536
6539	6540
6542	6543
6544	6550
6537	6546
6551	6552
6553	6554
6559	6523
6548	6560
6561	6523
6538	6545
6567	6523
6568	6523
6569	6571
6573	6575
6576	6575
6577	6578
9069	9070
6580	11288
6582	6583
6584	6586
6587	6575
6588	6589
6590	6591
6594	6513
6595	6596
6562	6597
6599	6600
6602	6603
6605	6606
6598	6607
6612	6613
6611	6614
6617	6618
6616	6620
6621	6623
6619	6622
6625	6627
6626	6630
6629	6631
6632	6633
6635	6637
6634	6636
6641	6543
6642	6733
6644	6649
6645	6575
6647	6575
6648	6575
6650	6652
6653	6654
6657	6659
6660	6659
6661	6662
6663	6662
6664	6662
6665	6662
6666	6662
9108	9109
6668	10392
6669	6513
6671	6513
6673	6674
6675	6674
6676	6677
6678	6714
6679	6677
6681	6717
6655	7043
6683	6707
6687	6686
6689	6690
6694	7046
6704	7134
6705	7045
6709	7052
6718	6719
6755	6756
6868	6862
6869	6865
6870	6861
6872	6864
6873	6866
6874	6863
6875	7038
6876	6862
6877	6865
6878	6861
6879	6864
6880	6866
6881	6863
6882	0
6064	6907
6914	7044
7036	7037
6987	6989
6992	6989
6998	7028
7055	13242
7056	7112
7057	7107
7058	7040
7077	7041
7120	13222
7137	13219
7160	13218
7167	7170
7171	7172
7176	7177
7178	7179
7180	7179
7181	7182
7183	7184
7185	7186
7187	7188
7189	7198
7190	13216
7206	13215
7199	7200
7210	13214
7233	7242
7232	7234
7235	7236
7237	7238
7239	7240
7241	7244
7245	7246
7250	7251
7252	7251
7253	7254
7255	7257
7258	7259
9438	9439
7267	13213
7269	13211
7263	7265
7271	7279
7275	7277
7278	7280
7281	7283
7284	7285
7287	7288
7286	7289
7290	7291
7293	7294
7299	7300
7301	7302
7303	7302
7304	7305
7306	7305
7307	7305
7308	7309
7310	7309
7311	7298
7295	7296
7312	7314
7315	7316
7318	7322
7317	7321
7323	7324
7328	7329
7331	7332
7333	7334
7335	7336
7337	7336
7330	7338
7339	7340
7342	7345
7346	7347
7341	7344
7349	7350
7351	7352
7354	7355
7356	7357
7358	7359
7360	7361
7362	7363
7367	7369
7373	7375
7377	7378
7380	7381
7382	7389
7390	7391
7392	7393
7376	7383
7384	7385
7386	7387
7388	7395
7397	7396
7348	7370
7394	7398
7399	7401
7402	7403
7405	7406
7408	7409
7410	7411
7412	7413
7414	7415
7416	7417
7418	7419
7420	7421
7422	7423
7426	7427
7428	7429
7430	7431
7432	7434
7435	7436
7437	7438
7439	7440
7441	7444
7447	12941
7446	7449
10532	12942
7455	7462
7454	7458
7460	7461
7463	7465
7466	7465
7469	7465
7464	7467
7472	7474
7477	7480
7470	7473
7475	7474
7478	7474
7479	7474
7481	7486
7482	7486
7487	7488
7490	7492
7491	7486
7493	7486
7494	7486
7496	7497
7495	7498
7500	7501
7502	7501
7503	7514
7504	7499
7505	7499
7507	7508
7509	7510
7515	7517
7524	7525
7528	7529
7533	7534
7512	7536
7537	7538
7540	7541
7546	7547
7550	7551
7554	7555
7557	7555
7558	7559
7561	7562
7568	7570
7574	7580
7587	7588
7589	7590
7591	7592
7593	7594
7595	7598
7599	7603
7604	7605
7602	7609
7607	7610
7611	7612
7613	7614
7615	7616
7617	7618
7619	7620
7621	7622
7623	7625
7626	7627
7628	7629
7630	7632
7633	7632
7634	7636
7631	7635
7638	7639
7641	7643
7644	7647
7648	7654
7657	7658
7661	7662
7663	7662
7664	7662
7665	7666
7667	7668
7669	7668
7670	7668
7656	11275
7671	7672
7674	7676
7675	7678
7679	7680
7682	7684
7688	7680
7685	7687
7692	7696
7689	7690
7693	7694
7695	7697
7698	7701
7703	13534
7702	7704
7705	7706
7707	15775
7709	7710
7711	7712
7714	7749
7715	7719
7717	7721
7722	7725
7723	7724
7727	7732
7728	7731
7733	7735
7736	7737
7739	7701
7740	7741
7742	7743
7744	7743
7747	7750
7734	7766
7768	7760
7771	7759
7772	7755
7774	7755
7775	7763
7776	7777
7779	7781
7784	7785
7787	7788
7790	7791
7792	7793
7797	7803
7789	7796
7799	7800
7801	7805
7802	7808
7806	7811
7812	11872
7815	12673
7816	7817
7819	7821
7822	7821
7823	7821
7824	7826
7829	7826
7830	7826
7831	7826
7832	7826
7833	7826
7827	7835
7828	7836
7837	7838
7839	7840
7844	7838
7848	5511
7850	5626
7851	5613
7841	7853
7887	7888
7867	7886
7889	7890
7897	5626
7891	5626
7892	5626
7893	5613
7894	5613
7895	5613
7885	5613
7939	7944
7938	7943
7937	7947
7900	7919
7920	7932
7923	7932
7924	7934
7925	7935
7940	7946
7942	7945
15269	15270
15278	15286
15646	15647
7951	7952
7953	7954
7958	7960
7956	7959
7963	7964
7965	7964
7967	7964
7961	7968
7976	7977
7978	7975
7979	7975
7973	7975
7981	7982
7984	7986
7966	7969
7987	12357
7989	7990
7995	7996
7997	7998
7999	8000
8002	8003
8005	11294
8007	8008
8010	8011
8012	8013
8014	8015
8016	8017
8019	8023
8025	8008
8026	8008
8028	8029
8030	8031
7993	8009
8034	8035
8036	8037
8032	8038
8033	8039
8041	8042
8045	8049
8051	8052
8056	8057
8059	8060
8066	8067
8068	8070
8071	8072
8069	8075
8073	8080
8081	8083
8085	8087
8082	8089
8091	8092
8093	8094
8090	8096
8099	8100
8101	8102
8103	8104
8105	8106
8107	8108
8109	8110
8111	8112
8113	8114
8115	8116
8117	8118
8121	8122
8127	7902
8128	7906
8129	7904
8130	7908
8131	7910
8132	7914
8133	7917
8134	7916
8136	8137
8138	8139
8140	8141
8135	8142
8144	8145
8146	8147
8148	8149
8151	8152
8150	8155
8153	8156
8157	8159
8160	8161
8162	8227
8164	8149
8166	8147
8167	8170
8171	8149
8172	8168
8173	8168
8174	8168
8175	8168
8176	8168
8177	8168
8178	8168
8179	8168
8180	8168
8181	8168
8183	8168
8184	8168
8185	8168
8182	8188
8189	8190
8191	8190
8186	13190
8158	8168
8192	8193
8194	8195
8197	8193
8199	8200
8208	8210
8214	14410
8209	8204
8212	8219
8027	8207
8217	8220
8221	8222
8224	8228
8230	8232
8229	8231
8233	8252
8234	8252
8235	8252
8236	8252
8237	8252
8238	8252
8239	8252
8240	8252
8241	8252
8243	8252
8244	8252
8245	8252
8246	8252
8247	8252
8248	8252
8242	16292
8257	8168
8258	8168
8249	8262
8263	8264
8266	8268
8270	8268
8272	8264
8273	8275
8277	8275
8278	8280
8290	8294
8300	8301
8303	8304
8305	8312
8314	8317
8318	8320
8321	8322
8323	8324
8325	8324
8326	8324
8328	8324
8331	8330
8332	13590
8333	13590
8329	8330
8335	8336
8337	8341
8343	8344
8347	8348
8349	8350
8352	8324
8354	8324
8351	8353
8357	13586
8358	13587
8359	8360
8361	8362
8356	8364
8363	8366
8370	8368
12188	12189
8375	8378
8373	8379
8380	8381
8383	8384
8385	8386
8388	8389
8390	8391
8392	12402
8382	8387
8396	8398
8399	8398
8394	8397
8401	8398
8403	8398
8404	8398
8402	8406
8409	8398
8410	8411
8418	8398
8419	8423
8424	8425
8415	8416
8431	8432
8433	8434
8435	8436
8439	8398
8440	8398
8441	8448
8442	8398
8445	8398
8450	8448
8451	8398
8452	8448
8453	8448
8454	8398
8456	8448
8458	8448
8459	8448
8461	8448
8462	8398
8464	8448
8465	8466
8467	8466
8469	8470
8473	8474
8475	8477
8478	8479
8480	8481
8482	14572
8486	8487
8507	8524
8528	8535
8530	8504
15926	15927
8533	8534
8538	8585
8541	10921
8543	8544
8549	8550
8545	8548
8553	8554
8555	8556
8557	8558
8559	8560
8562	8565
8561	8563
8566	8568
8569	8571
8570	8573
8572	8574
8575	8576
8577	8576
8578	8576
8579	8583
8581	8583
8582	8580
8584	8583
8592	8593
8594	8595
8597	8598
8601	8602
8590	8599
8603	8604
8606	8608
8609	8398
8610	8661
8611	8613
8614	8615
8618	8617
8619	8617
8620	8617
8621	8617
8622	8617
8623	8617
8616	8617
8624	8625
8626	8627
8628	8629
8631	8398
8630	8633
8635	8636
8634	8637
8639	8637
8640	8593
8641	8642
8643	8625
8645	8637
8646	8649
8650	8654
8655	8659
8666	8637
8667	8637
8668	8669
8671	8672
8673	8675
8676	8678
8679	8681
8682	8683
8684	8685
8686	8687
8688	8689
8690	8689
8691	8693
8694	8625
8696	8689
8697	8672
8700	8701
8703	8705
8706	8707
8708	9229
8710	8711
8712	8711
8713	8714
8715	10296
8720	8721
8722	8721
8723	8721
8724	8721
8719	8721
8728	11220
8732	8669
8735	8738
8736	8738
8737	8738
8727	8734
8741	8738
8742	8747
8743	8750
8744	8750
8745	8750
8746	8750
8748	8750
8749	8750
8751	8756
8752	8758
8753	8758
8754	8758
8755	8758
8757	8758
8740	8759
8760	8761
8762	8763
8764	8765
8766	8767
8768	8847
8848	8847
8849	8795
9778	9779
8785	16195
8788	8795
8789	8795
8790	8795
8780	8795
8781	8795
8782	8794
8772	8795
8798	8796
8799	8795
8800	8795
8801	8795
8802	8795
8804	8795
8805	8796
8806	8796
8807	8795
8808	8795
8809	8795
8810	8795
8812	8795
8811	8795
8813	8795
8814	8794
8815	8795
8816	8794
8817	8795
8818	8794
8819	8796
8820	8795
8821	8795
8822	8795
8823	8795
8824	8795
8826	8795
8825	8795
8827	8795
8828	8795
8829	8794
8830	8794
8831	8794
8832	8794
8833	8794
8834	8794
8835	8794
8836	8794
8837	8795
8838	8795
8839	8795
8840	8795
8841	8795
8842	8794
8843	8794
8844	8794
8845	8794
8846	8794
8852	8862
9776	9777
8856	8862
8857	8862
8864	8862
8867	8873
8868	8874
8869	8875
8870	8876
8871	8877
8872	8878
8865	8866
8879	8886
8887	8888
8889	11495
8893	8900
8894	8902
8895	8903
8896	8904
8897	8905
8898	8906
8899	8907
8901	8908
8910	8912
8913	11713
8915	8914
8916	8917
8920	8922
8923	8924
12415	12417
8928	8929
8930	8931
8934	8935
8936	8937
8939	8940
8942	8943
8944	8947
8948	8949
8945	8950
8951	8952
8954	8955
8958	8961
8962	8963
8967	8970
8971	15051
8973	8975
8976	8979
8980	8981
8983	9014
8985	8986
8988	8989
8990	8991
8994	9001
8995	9001
8996	9001
8997	9001
8998	9001
8999	9001
9000	9001
8992	8993
9003	9004
9005	9013
9007	9008
9010	9011
9017	9018
9021	9022
9023	9058
9027	9028
9032	9026
9033	9026
9034	9026
9025	9026
9035	9026
9036	9026
9037	9026
9038	9026
9040	9041
9042	9044
9045	9047
9048	9050
9051	9052
9053	9041
9054	9055
9056	9066
9061	9062
9071	9072
9068	9073
9074	9075
9077	9076
9078	9080
9082	9083
9084	9089
9090	9089
9092	9093
9094	9095
9096	9097
9098	9099
9100	9101
9102	9103
9105	9103
9106	9101
9110	9111
9113	9111
9114	9115
9116	9115
9118	9115
9117	9115
9119	9121
9122	9123
9124	9127
9129	9128
9130	14523
9132	9133
9136	9137
9140	9139
9141	9139
9142	9139
9143	9139
9138	9139
9144	9145
9146	12009
9149	9150
9152	9153
9158	9157
9159	9157
9160	9157
9154	12375
9161	9163
9165	9166
9170	9171
9174	9171
9179	9177
9180	9177
9181	9177
9172	9178
9182	9187
9188	9190
9175	9183
9191	9192
9193	9194
9197	9199
9195	9196
9203	9204
9206	9196
9207	9196
10095	10096
10099	10100
9217	9221
9222	9223
9224	12123
9225	12124
9227	12126
9226	12124
9231	12137
9232	12132
9233	9238
9234	12129
9239	9242
9236	12131
9237	12130
9240	12136
9241	12133
9243	9242
9244	9242
9245	9242
9246	9242
9247	9242
9248	9252
9253	9252
9254	9256
9258	9259
12214	12215
12211	12212
9274	9259
9276	9277
9278	12121
9279	9280
9281	9282
9284	9286
9287	9288
9289	9290
9291	9292
9293	9294
9297	9296
9298	9296
9299	9296
9300	9296
9301	9303
9311	9319
9312	9319
9313	9319
9315	9319
9316	9319
9318	9296
9295	9296
9309	9319
9308	9319
9306	9319
9305	9319
9307	9319
9310	9319
9314	9319
9304	9320
9325	9319
9324	9319
9323	9319
9322	9319
9321	9319
9327	9328
9329	9331
9332	9333
9336	9335
9338	9339
9340	9341
9342	9343
9347	9348
9349	9348
9350	9353
9355	9354
9356	9354
9357	9354
9344	9354
9359	9360
9361	9363
9358	9365
9366	10461
9369	9370
9371	9373
9376	9377
9380	9381
9382	9386
9387	9389
9390	9389
9393	9397
9398	9377
9399	9400
9402	9413
9391	9411
9414	9377
9415	9377
9416	9400
9417	9400
9419	9420
9421	9420
9422	9423
9424	9425
9426	9427
9428	9429
9430	9432
9434	9435
9440	8324
9442	9443
9444	9445
9446	9447
9448	9449
9450	9451
9452	9453
9458	9453
9459	9460
9461	9462
9464	9465
9466	9465
9468	9439
9467	9469
9470	9473
9474	9475
9476	9477
9478	9479
9480	9481
9482	9483
9484	9485
9486	10234
9488	9489
9491	9492
9493	9497
9494	9495
9496	9498
9499	9500
9501	9502
9503	9504
9505	9506
9507	9506
9508	9510
9511	9506
9512	9513
9514	9515
9516	9517
9518	9517
9520	9517
9521	9506
9522	9524
9528	9529
9531	9532
9533	9534
9530	9535
9538	9539
9540	9541
9543	9542
9544	9545
9546	9547
9548	9549
9550	9551
9552	9555
9553	9558
9556	9551
9559	9560
9561	9562
9567	9564
9568	9564
9569	9563
9570	9563
9571	9565
9579	9580
9583	9580
9585	9586
9587	9590
9591	9589
9592	9593
9595	9596
9602	9598
9604	9607
9610	9605
9612	9600
9613	9599
9614	9601
9616	9617
9619	9627
9634	9628
9635	9626
9637	9629
9638	9622
9639	9631
9640	9632
9641	9624
9642	9633
9643	9623
9644	9645
9646	9645
9649	9650
9651	9652
9653	9654
9655	9656
9657	9658
9659	9658
9660	9661
9666	9667
9668	9669
9670	9671
9663	9673
9674	10551
9676	9678
9680	9681
9682	9683
9684	9686
9687	9688
9689	9690
9691	9692
9693	10495
9699	9700
9698	9702
9704	9705
9706	9707
9708	9709
9710	9711
9712	9705
9713	9714
9717	9716
9718	9720
9722	9725
9724	9726
9727	9728
9732	9734
9729	9735
9739	9740
9742	9743
9744	9746
9755	9753
9756	9753
9757	9753
9758	9753
9759	9753
9760	9753
9752	9754
9761	9762
9763	9764
9765	9766
9767	9768
9769	9771
9772	9770
8854	8794
8858	8794
9774	8795
8860	8862
9773	9775
9780	13635
9782	9783
9784	9785
9790	9791
9792	9793
9796	9797
9799	9800
9802	9803
9804	9805
9806	9807
9808	9809
9811	9812
9813	9814
9816	9817
9818	9820
9823	9822
9824	9825
9826	9827
9828	9829
9830	9831
9832	9833
9834	9833
9836	9838
9839	9840
9841	9842
9843	11662
9845	9847
9852	9853
9851	9853
9850	9853
9849	9853
9848	9853
9854	9855
9856	9857
9858	9831
9859	9860
9861	9863
9866	9865
9867	9868
9869	9870
9871	9872
9873	9874
9875	9876
9877	9878
9879	9880
9881	9882
9883	9884
9885	9886
9887	9888
9889	9891
9892	9894
9895	9896
9897	9898
9899	9900
9902	9903
9904	9905
9906	9907
9908	9909
9910	9911
9912	9913
9915	9917
9919	9921
9922	9923
9924	9925
9926	9927
9928	9929
9930	9933
9931	9932
9934	9936
9937	9938
9939	9940
9941	9942
9943	9944
9945	9946
9947	9948
9949	10081
9953	9956
9954	9955
9957	9958
9960	9961
9962	9963
9964	10068
9965	9966
9968	9969
9970	9972
9973	9974
9975	9976
9977	9978
9979	9980
9981	9982
9983	9984
9985	9986
9987	9988
9989	9990
9991	9992
9995	9996
9993	9998
10000	10001
10002	10003
10004	10009
10010	13155
10017	10018
10020	10021
10022	10023
10026	10077
10028	10029
10030	10031
10033	10034
10036	10038
10039	9831
10041	10042
10043	10044
10045	9735
10046	10047
10051	9716
10053	10054
10059	10060
10063	10064
10065	10064
10072	10073
10074	10075
10082	10084
10086	9961
10087	10088
10089	10090
10091	10092
10093	10094
10097	10102
10103	10104
10107	10108
10098	10110
10111	10112
10116	9870
10117	9888
10113	10114
10118	9900
10120	10121
10123	9825
10125	10126
10127	10128
10132	10133
10134	10135
10138	10139
10141	10143
10146	10147
10131	10148
10149	10148
10150	15465
10152	15457
10154	12506
10157	10158
10159	10160
10161	10162
10163	10745
10167	10784
10169	10170
10171	10172
10174	10176
10177	10180
10181	10182
10183	10184
10185	10184
10186	10187
10188	10189
10190	10191
10192	10193
10194	10195
10196	10197
10199	10201
10200	10202
10209	10205
10214	10205
10215	10216
10217	10218
10220	11666
10222	12098
10236	10241
10243	10244
10247	10248
10250	10248
10251	10252
10264	10265
10268	10269
10278	10279
10282	10283
10284	10277
10285	10273
10286	10276
10272	10274
10288	10289
10302	13128
10312	10313
10317	10320
10323	10334
10335	12795
10339	10340
10342	10346
10348	10349
10350	10351
10352	10354
10355	10354
10358	10359
10361	10359
10362	10364
10366	10364
10368	10371
10372	10371
10373	10374
10375	10379
10384	10386
10388	10386
10389	10390
10395	14206
10398	10401
8932	10404
10414	10415
10426	10427
10428	10425
10429	10423
10421	10424
10430	10431
10434	10435
10436	10439
10442	10443
10445	10443
10446	10437
10447	10437
10449	10437
10451	10453
10454	10438
10456	10453
10457	10459
10462	10464
10467	10465
10468	10470
10476	10474
10478	10479
10483	10484
10487	7676
10489	10491
10496	10498
10505	6659
10506	6659
10508	6659
10509	7555
10510	10512
10513	10519
10514	10520
10515	10521
10523	10525
10526	10525
10529	10530
10533	10534
10535	10537
10541	10547
10553	10554
10559	10561
10562	10564
10565	10566
10577	10571
10580	10585
10589	10593
10594	10603
10605	10606
10609	10611
10612	10613
10614	10615
10617	10618
10619	10620
10622	10624
10627	10628
10632	10633
10637	10638
10641	10638
10643	10646
10650	10653
10656	10654
10657	10658
10662	10658
10663	10658
10664	10665
10666	10667
10668	10671
10677	10678
10679	10680
10681	10682
10688	10686
10693	10697
10699	10697
10701	10697
10702	10705
10707	10708
10709	10714
10715	10714
10717	10721
10725	10730
10731	10732
10735	10736
10738	10740
10747	10745
10749	10750
10756	10758
10765	8448
10768	8448
10769	8448
10770	8448
10771	10773
10775	10780
10787	10788
10789	5659
10790	10791
10792	10794
10799	10801
10802	10806
10807	10806
10811	10813
10816	10813
10821	16111
10827	10826
10828	10826
10829	10826
10833	10834
10835	13684
10837	10839
10847	10849
10850	10852
10856	10860
10862	10869
10872	10874
10880	10881
10886	10892
10894	10891
10895	10890
10884	10889
10897	10900
10902	10903
10906	10909
10912	5228
10913	10914
10917	10918
10922	10923
10927	10928
10931	10936
10944	10945
10946	10947
10950	10951
10953	10956
10957	10962
10963	10965
10971	10973
10977	10978
10981	10992
10995	10982
10996	10986
10998	10986
10999	10986
11000	10984
11003	11005
11007	11008
11011	11012
11018	11020
11021	11022
11026	11030
11034	11035
11041	6130
11039	11047
11050	11053
11056	11058
11061	11065
11066	11068
11069	11071
11072	11073
11076	11081
11082	11087
11090	11095
11104	11105
11107	11106
11108	11112
11117	11109
11119	11120
11125	11126
11127	11128
11129	11131
11132	11134
11137	11138
11139	11138
11140	11141
11143	11145
11148	11149
11152	11157
11165	11173
11174	11167
11176	11180
11184	11188
11190	11194
11196	11199
11203	14049
11223	11220
11224	11207
11228	11231
11234	11240
11244	11246
11256	11263
11264	11259
11265	11262
11266	11260
11255	11262
11272	11269
11273	11270
11274	11271
11267	11275
11289	11290
11296	11298
11301	11298
11303	11310
11312	11313
11319	5818
11324	11325
11331	11333
11338	11339
11344	11346
11351	11352
11358	11363
11373	11375
11376	11377
11379	11382
5553	15339
11393	11397
8500	0
8499	0
8498	0
8497	0
8496	0
8495	0
8494	0
8490	0
8489	11419
11424	11426
11430	11431
11434	11435
11436	11439
11441	11442
11443	11445
11446	11448
11450	11452
11454	11457
5554	15339
11456	11464
11468	11469
11471	11473
11480	11483
11497	11496
11498	11492
11499	11490
11500	11491
11501	11493
11502	11494
11510	11514
11516	11517
11519	11520
11527	11528
11529	11528
11524	11525
11535	5147
11536	11537
11540	11541
11543	11547
11549	11546
11550	11554
11558	11559
11560	11561
11563	11564
11567	11568
11572	11573
11574	11575
11579	11580
11582	11583
11584	11585
11577	11587
11589	11591
11594	11596
11600	11601
11604	10359
11605	11607
11609	11606
11610	11606
11611	11612
11613	11612
11614	11612
11615	11612
11616	11617
11618	11620
11624	7781
11625	11626
11629	11630
11633	13383
11635	11637
11645	11646
11649	11650
11651	11650
11648	11652
11656	11657
11658	11660
11663	11664
11669	11670
11671	11672
11676	11678
11679	11680
11684	11685
11686	11687
11688	11687
11689	8608
11692	11693
11694	11695
11697	11698
11701	11702
11703	11704
11705	11706
11708	11706
11709	11710
11718	11719
16445	16437
16444	16437
11725	11726
11743	11744
11746	11753
11752	11754
11755	11760
11761	11762
11763	11762
11764	11765
11766	11765
11767	11768
11770	11771
11779	11789
11790	11796
11797	11798
11799	11800
11804	11805
11807	11810
11812	8929
11817	11815
11818	11819
11821	11822
11828	11829
11833	11834
11839	11840
11848	11849
11851	11852
11861	11862
11865	11862
11866	11862
11867	11868
11874	11875
11877	11878
11884	11882
11885	11882
11886	11882
11879	11883
11887	11888
11889	11893
11895	11896
11897	11896
11898	11896
11894	11899
11900	11901
11907	11908
11909	11911
11913	11914
11915	11916
11922	15395
11924	11925
11932	11933
11936	11933
11937	11940
11941	11942
11943	11944
11947	11948
11950	11955
11953	11951
11962	8344
11963	11964
11969	11970
11972	11973
11974	11976
11977	11976
11979	11980
11981	11980
11982	11980
11983	11984
11985	11984
11986	11984
11987	11984
11988	11989
11993	11994
11996	11997
11999	12001
12002	12003
12004	12005
12007	12008
12011	12013
12193	12194
12022	12023
12024	12025
12026	12027
12028	12029
12035	12039
12040	12038
12041	12037
12045	12046
12047	12046
12050	12049
12051	12044
12043	12044
12054	12058
12059	12060
12053	12061
12062	12063
12064	12066
12067	12068
12072	12073
12078	12079
12080	12081
12082	12085
12086	12088
12089	12090
12102	4835
12108	12110
12111	12112
12113	12109
12114	12115
12116	12115
12117	12118
12119	12120
12141	12153
12142	12152
12143	12150
12144	12152
12145	12151
12146	12154
12147	12153
12157	6536
12158	6536
12159	12160
12162	12163
12164	12163
12165	12163
12166	12163
12167	12168
12169	11109
12170	11109
12174	12175
12176	12177
12197	13282
12201	12203
12204	12208
12220	12221
12216	12218
12222	12221
12223	12221
12224	12221
12225	12221
12226	12221
12227	12221
12228	12221
12229	12221
12230	12221
12231	12221
12234	12235
12239	12241
12242	12253
12246	12252
12248	12249
12236	12238
12254	12255
12257	12258
12262	12263
12269	12270
12272	12275
12276	12277
12279	10308
12280	12282
12286	12288
12290	10088
12291	12292
12294	12295
12299	12298
12300	12301
12302	12303
12304	12303
12307	12308
12309	12308
12310	12308
12305	12311
12312	12313
12323	12324
12325	12326
12314	12327
12328	12329
12335	12336
12337	12338
12340	9423
12341	12342
12345	12346
12347	12346
12350	12351
12352	12353
12354	12355
12348	12349
12363	12364
12372	15155
12376	12378
12380	10714
12382	10714
12381	12383
12387	12388
12391	12392
12393	12394
12395	12396
12397	12398
12399	12400
12405	12406
12413	12406
12421	9413
12422	9413
12423	9335
12424	12425
12427	12428
12432	12433
12434	12435
12439	12440
12441	12442
12443	12444
12450	12451
12456	12451
12459	12460
12461	12462
12464	12462
12466	12469
12474	12475
12476	12487
12490	11375
12491	12492
12493	12496
12497	12498
15451	15452
12502	12503
12511	12512
12520	12519
12521	12518
12523	12519
12514	12515
12525	12526
15453	15450
12539	12541
12550	12732
12560	12561
12566	12567
12568	12570
12571	12575
12572	12573
12565	12574
12577	12578
12583	12584
12587	12588
12591	6659
12592	6659
12593	12666
12594	11012
12596	12597
12605	12606
12612	12613
12616	12617
12621	12622
12623	12624
12625	12626
12627	12622
12628	12622
12629	12624
12630	12624
12619	12620
12632	12634
12637	12638
12646	12647
12648	12649
12650	12651
12652	12653
12676	12677
12678	12675
12679	12680
12683	12684
12686	12687
12693	12696
12701	12702
12715	12723
12713	12725
12726	12727
12728	12729
12749	12750
12751	12752
12753	12754
12755	12740
12736	12737
12759	12760
12761	12762
12766	12767
12771	12772
12773	12774
12778	12779
12780	12781
12783	12784
12789	7175
12790	12788
12791	12788
12792	12793
12796	12797
12800	15444
12802	12803
12804	12805
12806	12807
12810	12815
12817	12818
12820	12824
12831	12832
12835	12836
12840	12841
12844	12845
12846	12847
12848	12849
12851	12852
12853	12854
12856	12857
12859	12860
12861	12865
12863	12864
12866	12867
12871	12872
12878	12879
12894	12888
12895	12891
12896	12887
12897	12889
12898	12885
12884	12893
12899	12893
12900	12891
12901	12888
12902	12887
12903	12889
12904	12885
12906	12907
12910	12911
12915	12916
12921	12922
12924	12925
12926	12928
12930	12931
12935	12931
12937	11765
12938	12939
12944	12945
12946	12947
12948	12949
12950	12952
12956	12957
12960	12963
12966	12967
12968	12969
12971	12972
12974	12975
12976	12981
12982	12983
12986	12987
12993	12994
13117	13118
13123	13118
13131	13132
13134	13135
13140	13141
13147	13150
13158	13155
13159	13160
13163	13164
13167	13166
13168	13169
13162	13170
13171	13173
13178	13179
13180	13181
13177	13183
13184	13188
13185	13189
13186	13188
8187	13190
13191	13192
13193	13190
13194	13190
13195	13190
13196	13190
13197	13190
13198	13190
13199	13190
15316	15326
13228	13229
13234	13214
13235	13236
13244	9178
13245	9177
13246	9177
13247	9177
13248	12444
13249	13250
13256	13257
13258	13255
13254	13255
13261	8685
13262	13263
13264	13263
13270	13271
13272	13273
13266	13267
13277	13278
13279	13280
13281	13278
13284	13285
13286	13292
13295	13288
13296	13297
13298	13299
13302	13303
13305	13215
13307	13308
13309	13308
13310	13308
13311	13312
13313	13314
13315	13316
13317	13318
13320	13321
13324	13325
13326	13329
13330	13738
13334	13335
13338	13339
13345	13346
13347	13348
13344	13349
13350	13390
13351	13390
13352	13392
13353	13354
13357	13359
13363	13364
13365	13366
13367	13368
15263	6107
13370	13373
13371	13372
13377	13378
13379	13382
13384	13385
13393	13394
13397	13398
13399	16026
13403	13404
13406	13407
13409	13410
13412	13413
13414	13415
13416	13417
13418	13417
13421	13422
13423	13424
13425	13426
13429	6571
13430	13431
13433	13434
13439	13440
13446	13449
13451	13452
13454	13455
13456	13457
13464	13465
13466	13467
13462	13463
13469	13470
13472	13474
13478	13479
13480	13481
13488	13489
13491	13495
13502	7755
13504	13505
13506	13505
13507	13508
13503	13509
13510	13511
13516	13517
13520	13517
13521	13522
13524	13522
13526	12857
13529	13531
13532	13533
13537	8711
13538	4959
13539	13561
13541	13542
13544	13545
13546	8714
13547	8714
13548	13549
13550	13554
13562	13563
13564	13565
13567	13568
13571	13574
13576	13579
13581	13578
13582	13578
13583	13580
13585	13588
13591	13590
13592	13586
13593	13594
13595	13589
13596	13597
13598	13597
13599	13586
13600	13597
13601	13597
13603	13604
13605	13606
13607	13606
13608	13606
13609	13610
13611	13610
13612	13613
13614	13606
13615	13613
13616	13610
13617	13613
13618	13610
13619	13610
13620	13610
13621	13606
13622	13610
13623	13606
13624	13625
13627	13625
13628	13613
13629	13613
13630	13613
13631	13613
13632	13625
13633	13625
13634	13625
13638	13639
13642	13643
13646	13648
13649	13650
13653	13654
13656	13657
13659	13660
13661	13662
13664	13665
13666	13667
13668	13669
13671	13675
13677	13678
13679	13678
13680	13678
13681	13678
13682	13678
13683	13678
13685	13686
13688	13689
13690	13696
13698	13699
13702	13704
13709	13710
13711	13712
13713	13777
13714	13715
13716	13779
13717	13718
13719	13720
13721	13722
13726	13727
13729	13730
13739	13740
13746	13747
13750	13751
13749	13753
13756	13757
13759	13761
13767	13768
13772	13773
13774	13775
13769	13771
13780	13781
13782	13784
13787	13788
13791	13794
13796	13797
13800	13801
13802	13801
13803	13804
13807	13808
13810	13808
13809	13808
13811	13812
13813	13814
13815	13817
13819	13820
13821	13822
13824	13825
13826	13827
13828	13829
13830	13831
13832	13833
13834	11666
13836	13838
13849	13850
13851	13853
13860	13861
13862	13863
13868	13869
13873	13875
13877	13881
13883	13887
13885	13884
13888	13889
13890	13891
13892	13893
13894	13895
13896	13898
13899	13900
13901	13902
13903	13904
13905	13906
13908	13909
13915	13916
13917	13918
13919	13920
13921	13924
13925	13926
13927	13926
13928	13929
13930	13931
13932	13933
13934	13935
13939	13940
13941	13944
13943	13942
13937	13938
13945	13947
13949	13950
13952	13953
13962	13963
13966	13967
13965	14524
13969	13972
13973	13974
13975	13976
13977	13978
13979	13980
13981	13982
13983	13985
13986	9911
13987	8986
13988	12857
13989	13990
13991	13992
13993	13995
13996	13998
13997	13995
14001	14003
14005	14008
14009	14010
14011	14012
14014	14016
14019	14020
14022	8759
14023	14024
14025	14024
14026	14030
14031	14033
14039	14044
14054	14056
14058	14059
14060	14059
14061	14062
14063	14064
14065	14066
14067	14068
14069	14068
14070	14071
14072	14073
14074	14075
14077	14075
14078	14079
14080	14079
14081	14082
14084	14082
14093	14102
14100	14099
14101	14098
14105	5818
14113	14119
14114	5818
14115	5818
14121	14119
14122	14119
14123	14119
14125	14126
14127	14126
14128	14129
14130	11325
14131	14132
14133	14132
14134	14136
14137	14136
14138	14140
14141	14140
14142	14143
14144	6217
14145	14146
14148	14149
14151	14152
14153	14152
14154	14160
14162	14164
14165	14172
14174	4999
14175	14178
14179	14178
14180	14178
14181	14178
14183	14184
14187	14188
14189	14190
14191	14188
14192	14193
14194	14193
14195	14196
14197	14198
14199	14200
14201	14203
14204	14205
14208	14210
14213	14214
14215	14216
14217	14218
14220	16048
14222	16048
14224	16049
14219	14226
14227	14275
14228	14229
11623	14234
14235	14236
14237	14238
14239	14238
14244	15102
14248	14247
14249	14247
14250	14247
14246	14247
14256	14257
14259	14260
14262	14263
14266	14273
14267	14269
14270	14268
14271	14272
14278	10813
14279	14280
14284	14286
14287	14288
14291	14288
14293	10697
14294	14008
14295	14296
14297	14298
14300	14302
14303	14304
14309	14311
14321	14322
14328	14329
14333	14334
14335	7580
14336	14337
14345	13887
14344	13887
14346	13884
14347	13884
14350	14351
14352	14353
14354	14358
14359	14361
14362	14363
14366	14370
14371	14372
14373	10412
14374	14375
14376	14311
14377	14378
14381	14382
14383	14384
14387	14388
14389	14390
14391	14392
14385	14386
14393	14394
14397	14398
14399	14400
14395	14396
14401	14402
14403	14404
14405	14406
14408	14411
14409	8201
14413	15223
14414	14415
14420	14422
14423	14424
14425	14427
14428	14429
14430	14435
14436	14437
14438	14439
14440	14441
14442	14443
14444	14443
14445	14446
14447	9820
14448	9803
14449	14451
14454	14455
14456	14455
14457	14455
14453	14458
14459	14460
14465	14464
14467	14466
14461	14464
14469	14470
14471	14472
14475	10551
14476	14477
14478	14479
14480	14481
14483	14486
14484	15341
14488	14490
14492	14493
14494	8195
14495	10491
14497	14498
14499	14498
14500	14498
14501	14498
14496	14502
13640	14503
14504	14503
14505	14506
14508	14509
14512	14513
14514	11047
14517	14518
14519	14520
14521	14522
14525	14531
14526	6018
14527	6017
14528	6015
14529	6017
14530	6015
14532	14533
14534	14535
14539	14540
14541	14540
14542	14543
14537	14538
14546	14548
14549	14551
14552	14553
14554	10671
14555	14556
14559	14561
14563	12947
14565	14566
14567	14568
14569	14570
14571	12942
14573	14572
14574	14572
14575	14576
14580	15749
14585	14586
14591	14596
14598	14599
14603	14607
14608	14609
14610	14611
14612	14613
14618	14619
14627	14632
14635	14636
15377	15378
15723	15724
15707	15708
15428	15429
15892	15893
15796	15794
15668	15669
15346	15348
15351	10806
15352	15353
15593	15594
15217	15218
15219	15220
15224	15223
15225	15222
15226	15227
15793	15794
15357	15358
15359	15358
15360	15358
15361	15363
15757	5957
15755	15756
15423	15425
14639	14645
14646	14645
15364	11431
15365	11431
15366	15367
15368	15369
14647	14649
14650	14651
14655	14656
14660	16528
14667	11180
14666	11180
14668	14669
14670	14669
14671	14674
14675	14679
14680	14684
14686	14687
14690	14692
14693	14692
14694	14695
14697	14699
14700	14699
14702	14703
14704	14705
14710	14711
14712	14713
14714	14715
14716	14717
14718	14719
14709	14721
14723	14725
14724	7188
14728	14730
14731	14732
14733	14736
14737	14738
14746	14748
14750	14751
14754	14755
14753	11188
14757	14762
14766	14767
14768	14764
14763	14765
14769	14770
14772	14770
14773	12578
14774	12578
14775	14778
14779	14781
14783	14784
14786	14787
14788	14789
14790	14792
14794	14795
14796	14797
14798	14793
14800	14805
14806	14807
15865	15866
16021	16022
15236	15237
15238	15239
14809	14810
15752	15754
14813	14815
14817	14823
14824	14827
14829	14830
14831	14832
14836	14837
14838	14835
14834	14835
14840	5886
14839	14841
14843	14848
14844	14846
14851	14853
14854	14855
14856	12282
14857	15454
14858	14859
14860	14861
14865	14867
14866	7808
14869	14870
14871	14872
14873	14874
14876	14874
14879	14882
15240	15241
15243	15244
14883	14884
14888	14890
14893	14895
14897	14898
14903	14904
14905	14906
14899	14904
14908	14079
14910	14911
14912	14911
14913	14911
14917	14918
15251	15256
15482	15483
15648	15649
15867	15866
15863	15864
15504	15511
15445	15446
15370	15371
15506	15505
15507	15508
15509	15510
15344	14789
15715	15716
15311	15320
15718	15722
15306	15307
15308	15309
15644	15645
15418	15419
15420	15421
15759	15763
15837	13470
15439	15440
14921	14922
14924	14929
14930	14931
14932	14933
14934	14935
14936	14937
14938	14941
14942	14944
14947	14951
14952	14953
14954	14955
14956	14958
14959	14958
14960	14966
14968	14969
14971	14972
14973	14977
14980	7562
14981	14983
14984	14990
14991	14992
14995	14997
15000	15001
15002	5908
15005	15006
15012	15013
15015	15016
15017	15018
15019	15023
15020	15023
15021	15023
15022	15023
15024	12914
15026	15027
15028	15027
15029	15027
15030	15032
15041	11875
15042	15043
15045	15047
15046	15048
15044	15049
15052	15053
15057	15058
15059	8348
15063	15064
15065	15066
15067	15068
15069	15073
15076	15088
15079	15080
15083	15085
15089	15090
15091	15087
15092	15090
15093	15094
15098	15101
15107	15108
15118	15119
15120	15121
15122	15121
15123	15121
15124	15121
15125	15121
15126	15127
15128	15131
15136	15143
15144	15145
15146	15147
15148	12009
5741	15150
15152	15153
15154	15153
15160	15161
15162	15158
15163	15164
15157	15159
15166	15167
15170	15169
15171	10195
15172	15173
15174	15175
15176	15177
15181	15388
15188	15600
15696	15697
15194	15836
15199	15414
15209	15214
15211	15981
15279	15280
15281	15282
15766	12160
15573	13801
15574	13801
15581	15585
15273	15274
15417	15422
15495	15497
15868	15869
15870	15871
15872	15873
15874	15873
15487	15489
15492	15494
15767	15771
15412	15405
15413	15407
15410	15411
15335	15336
15476	15477
15664	15667
16368	16369
15653	15663
15380	15384
15390	13801
15588	15589
15590	15587
15591	15589
15592	15587
15586	15587
15397	15398
4638	15400
8202	15401
15635	15636
15637	15638
15620	15623
15469	15639
15513	15640
15641	15642
15431	15432
15434	15432
15435	15432
15713	15714
15750	15764
15894	15896
15699	15700
15690	15698
15701	15698
15702	15700
15703	15692
15704	15695
15705	15697
15706	15692
15502	15503
15498	15501
15576	15577
19673	19676
15517	12836
15518	12836
15519	15520
15521	15522
15523	15524
15527	15528
15853	15854
15855	15856
15851	15852
15861	15862
15693	15692
15694	15695
15572	5272
15624	15625
15683	15684
15685	15686
15680	15687
15688	15689
15691	15692
15531	15532
15533	15534
15539	15540
15541	15542
15551	15552
15553	15556
15558	15562
15563	15564
15565	15566
15567	16024
15805	15808
15811	15812
15815	15816
16012	16013
16014	16015
15611	15615
15613	15612
15617	15618
15601	15602
15729	15732
15735	15741
15742	15743
15744	15745
15786	15788
15898	15899
15904	15905
15900	15906
16016	16019
15746	15747
15925	15930
15932	15933
15934	15935
15813	15814
15797	15798
15800	15801
15802	15801
16688	16691
16692	16693
19668	4831
16397	9998
15784	15778
15785	15778
15999	16000
15992	16001
16002	15987
16003	15985
15828	15831
16004	15985
16005	16006
16130	16125
15803	15804
15880	15879
15881	15879
15876	15879
15882	15884
15886	15887
15824	15825
15888	15889
15890	15891
15994	15996
15997	15998
15776	10248
15919	15920
15921	15922
15923	15924
16007	16011
16126	16127
16128	16129
16124	16127
15948	15953
15976	15977
15978	15977
15970	15975
15980	15977
15936	15937
15940	8687
16076	16077
16078	16072
16079	16080
16498	16499
16149	16150
16352	16353
16354	16353
16349	16351
16356	14082
16357	16358
16473	16474
16475	16474
16508	16509
16510	16511
16459	16460
16461	16462
16457	16458
16463	16464
16496	16497
15910	15911
15941	15943
15944	15945
15946	15947
16345	16344
16343	16342
16341	16342
16339	16347
16211	16212
16067	16075
16081	16065
15847	15848
15849	15850
16213	16214
16215	16216
15840	15841
15842	15843
15844	15845
16500	16501
16502	16503
15957	15958
15959	15958
15960	15961
15962	15961
15963	15961
15964	15961
15965	15961
15966	15961
15967	15958
15968	15958
15969	15958
15913	15914
15915	15916
15917	15918
16028	16034
16035	16036
16082	16084
16370	16369
16371	16369
16372	16369
16373	16369
16374	16369
16375	16369
16366	16367
16376	16377
16044	9377
16050	16052
16053	16054
16387	16388
16389	16390
16391	16392
16393	16394
16382	16386
16395	16396
16468	16469
16470	16471
16466	16467
16151	16152
16154	16161
16162	8986
16062	16064
16670	16671
16131	16133
16132	16134
16666	16669
16055	16065
16085	16086
16090	16089
16103	16108
16102	16105
16101	16107
16100	16104
16098	16099
16096	16097
16094	16095
16092	16093
16109	16110
16112	8448
16113	8448
16114	16115
16119	16120
16121	16122
16147	16148
16165	16166
16167	16166
16178	16179
16180	16181
16182	16175
16174	16175
16183	16184
16185	16186
16187	16188
16189	16191
16192	16193
16308	16309
16310	16311
16312	16313
16314	16315
16306	16307
13641	16195
16196	16195
16197	16195
16198	16199
16200	16199
16201	16199
16202	16203
16204	16203
16205	16199
16206	16203
16207	16208
16209	16210
16455	16456
16363	16364
16546	7639
16218	16219
16223	16224
16228	16233
16234	16240
7104	16327
16242	16245
16248	16253
16254	16255
16424	16423
16425	16423
16422	16423
16517	16519
16316	16318
16320	16321
16257	16260
16262	16263
16266	16269
16274	16275
16276	16275
16277	16278
16271	16273
16281	16282
16284	15678
16285	16286
16287	16288
16293	16294
16295	16296
16297	16298
16299	16301
16302	16303
16304	16305
16550	16551
16552	16551
16554	16557
16420	16419
16421	16419
16418	16419
16446	16437
16447	16437
16448	16449
16450	16451
16398	16401
16402	16403
16407	16408
16409	16414
16476	12865
16477	16478
16479	16480
16543	16544
16545	16544
16540	16542
16558	16565
16452	16453
16454	15169
16634	16635
16417	16414
16531	16532
16533	16534
16529	16530
16537	16538
16539	16538
16535	16536
16439	16443
16428	16429
16430	16429
16431	16432
16433	16432
16434	16435
16426	16427
16644	16645
16493	16495
16524	16525
16526	16527
16647	16649
16482	16484
16485	16486
16487	16488
16489	16490
16566	16567
16621	16625
16513	16516
16520	16522
16694	16697
16699	16705
16700	16707
16549	14872
16654	16665
16571	16572
19681	19682
19683	19682
19684	19682
19678	19680
19685	19686
19665	19666
16618	16622
16619	16623
16620	16624
16683	16687
16672	16673
16681	16682
16547	16548
16574	16575
16701	16706
16702	0
16703	16706
16704	16706
16708	10537
16630	16631
16632	16633
16626	16629
16584	16587
16580	16583
16589	16598
16607	16608
12765	16610
16611	16616
16601	16605
16603	16605
16604	16606
19669	13929
19670	4835
19671	19672
16756	19662
19663	19664

